61,61,71,26,84,6,60,40,60,45,43,9,28,264,44,86,43,5,43,35,44,43,26,43,35,43,46,46,46,46,46,46,43,33,9,28,9,298,298,43,22,11,43,35,42,8,43,33,43,33,213,298,213,298,213,298,213,298,120,131,118,128,123,107,94,128,128,131,118,128,128,131,118,131,118,131,118,113,111,231,254,176,214,213,256,230,213,175,216,216,216,216,216,216,231,210,230,213,205,241,215,213,179,198,179,231,230,213,198,203,213,213,196,198,205,179,203,213,179,192,178,203,181,203,213
61,62,40,60,28,9,213,35,213,298,288,213,298,213,298,316,26,280,283,264,9,61,22,22,19,213,213,277,213,6,60,33,8,213,40,86,43,33,43,43,43,43,41,213,298,298,288,213,213,128,128,128,120,118,128,128,118,118,107,128,128,120,113,113,94,128,123,107,94,111,94,125,120,145,144,113,128,123,128,123,107,94,111,94,110,231,210,230,213,205,231,230,213,203,213,213,232,198,179,231,230,213,203,213,213,229,230,213,198,208,179,192,178,203,213,213,203,213,231,176,210,256,230,213,203,213,192,203,213,192,178,211
27,56,41,285,84,43,24,279,279,279,279,279,24,24,24,24,24,24,24,24,24,24,24,24,24,24,24,24,24,24,24,24,24,24,24,24,24,24,24,24,24,24,24,24,24,24,24,24,24,24,24,24,24,24,24,24,24,24,24,24,24,24,24,24,24,24,24,24,24,24,24,24,24,24,24,24,24,24,24,24,24,24,24,32,32,32,32,32,287,32,32,287,32,32,287,32,32,32,32,32,32,32,32,32,32,32,32,84,84,84,40,60,30,84,84,84,299,315,30,84,84,84,299,315,30,84,84,84,299,315,30,84,84,84,299,315,30,84,84,84,299,315,30,84,84,84,299,315,30,84,84,84,299,315,30,84,84,84,299,315,30,84,84,84,299,315,30,84,84,84,299,315,30,84,84,84,299,315,30,84,84,84,299,315,30,84,84,84,299,315,30,84,84,84,299,315,30,84,84,84,299,315,30,84,84,84,299,315,30,84,84,84,299,315,30,84,84,84,299,315,30,84,84,84,299,315,30,84,84,84,299,315,30,84,84,84,299,315,30,84,84,84,299,315,30,84,84,84,299,315,30,84,84,84,299,315,30,84,84,84,299,315,30,84,84,84,299,315,30,84,84,84,299,315,30,84,84,84,299,315,30,84,84,84,299,315,30,84,84,84,299,315,30,84,84,84,299,315,30,84,84,84,299,315,30,84,84,84,299,315,30,84,84,84,299,315,30,84,84,84,299,315,30,84,84,84,299,315,30,84,84,84,299,315,30,84,84,84,299,315,30,84,84,84,299,315,30,84,84,84,299,315,30,84,84,84,299,315,30,84,84,84,299,315,30,84,84,84,299,315,30,84,84,84,40,315,30,84,84,84,40,315,30,84,84,84,40,315,30,84,84,84,40,315,30,84,84,84,40,315,30,84,84,84,40,315,30,84,84,84,40,315,30,84,84,84,40,315,30,84,84,84,40,315,30,84,84,84,40,60,30,84,84,84,40,60,30,84,84,84,40,60,30,84,84,84,40,60,30,84,84,84,40,60,30,84,84,84,40,60,30,84,84,84,40,60,30,84,84,84,40,60,30,84,84,84,40,60,30,84,84,84,40,315,30,84,84,84,40,60,30,84,84,84,40,315,30,84,84,84,40,315,30,84,84,84,40,315,30,84,84,84,40,315,30,84,84,84,40,315,30,84,84,84,40,315,30,84,84,84,40,315,30,84,84,84,40,315,30,84,84,299,43,264,30,84,84,299,43,264,30,84,84,40,43,9,30,84,84,40,43,9,30,84,84,40,43,300,9,30,84,84,40,43,300,300,9,30,84,84,40,43,300,9,30,84,84,299,43,264,30,84,84,299,43,264,30,84,84,40,43,300,264,30,84,84,40,43,300,264,30,84,40,43,45,45,9,30,84,40,43,45,45,45,45,9,30,84,40,43,45,45,9,30,84,40,43,45,9,30,84,40,43,45,9,30,84,6,43,45,9,30,84,84,6,43,45,45,9,30,84,84,40,43,45,9,30,84,84,40,43,45,9,30,84,43,264,67,237,67,237,237,237,67,67,237,67,43,35,66,321,66,321,321,66,321,66,321,66,321,66,321,321,321,66,321,66,321,66,321,66,321,66,321,66,321,66,321,66,321,66,321,66,321,321,66,321,321,66,321,66,321,66,321,66,321,321,66,321,66,321,66,321,66,321,321,66,321,66,321,66,321,66,321,66,321,66,321,66,321,66,321,66,321,66,321,66,321,66,321,321,66,321,66,321,66,321,321,66,321,66,321,66,321,66,321,66,321,66,66,66,66,66,66,66,321,66,321,43,33,66,321,43,33,66,321,43,33,66,321,43,28,66,321,43,33,66,321,43,33,66,321,43,33,66,321,43,33,66,321,43,33,66,321,66,321,43,33,66,321,66,321,66,321,66,321,66,321,66,321,66,321,66,321,66,321,66,321,321,66,321,66,321,321,66,66,42,66,66,42,66,66,321,42,66,66,66,321,42,66,66,321,42,66,321,66,321,321,66,321,66,321,321,66,66,66,66,66,66,321,66,66,66,66,299,43,44,43,26,42,66,66,66,66,66,66,299,43,44,43,44,43,44,43,26,42,66,66,66,66,44,43,44,43,26,42,66,66,44,43,42,66,66,44,43,42,66,66,40,86,44,43,42,66,66,40,86,44,43,40,43,26,61,61,61,25,42,66,66,6,43,26,26,61,22,22,25,55,66,66,6,43,26,61,61,26,26,26,42,66,67,67,67,67,67,67,67,67,67,67,67,67,67,67,321,67,321,67,67,67,67,67,67,67,67,67,67,67,67,67,67,321,67,321,67,67,67,67,67,67,67,67,67,67,67,321,67,321,67,67,67,67,67,67,67,67,67,67,67,321,67,321,67,67,67,67,67,67,67,67,67,67,67,321,67,321,67,67,67,67,67,67,67,67,67,67,67,67,321,67,321,67,67,67,67,67,67,67,67,67,67,67,321,67,321,67,67,67,67,67,67,67,67,67,67,67,321,67,321,67,67,67,67,67,67,67,67,67,67,67,321,67,321,67,67,67,67,67,67,67,67,67,67,67,67,321,67,321,67,67,67,67,67,67,67,67,67,67,67,321,67,321,67,67,67,67,67,67,67,67,67,67,67,321,67,321,67,67,67,67,67,67,67,67,67,67,67,321,67,321,67,67,67,67,67,67,67,67,67,67,67,321,67,321,67,67,67,67,67,67,67,67,67,67,67,321,67,321,67,67,67,67,67,67,67,67,67,67,67,321,67,321,67,67,67,67,67,67,67,67,67,67,67,321,67,321,67,67,67,67,67,67,67,67,67,67,67,321,67,321,67,67,67,67,67,67,67,67,67,67,67,321,67,321,67,67,67,67,67,67,67,67,67,67,67,321,67,321,67,67,67,67,67,67,67,67,67,67,67,321,67,321,67,67,67,67,67,67,67,67,67,67,67,321,67,321,67,67,67,67,67,67,67,67,67,67,67,321,67,321,67,67,67,67,67,67,67,67,67,67,67,321,67,321,67,67,67,67,67,67,67,67,67,67,67,321,67,321,67,67,67,67,67,67,67,67,67,67,67,321,67,321,67,67,67,67,67,67,67,67,67,67,67,321,67,321,67,67,67,67,67,67,67,67,67,67,67,321,67,321,67,67,67,67,67,67,67,67,67,67,67,321,67,321,67,67,67,67,67,67,67,67,67,67,67,321,67,321,67,67,67,67,67,67,67,67,67,67,67,321,67,321,67,67,67,67,67,67,67,67,67,67,67,321,67,321,67,67,67,67,67,67,67,67,67,67,67,321,67,321,67,67,67,67,67,67,67,67,67,67,67,321,67,321,67,67,67,67,67,67,67,67,67,67,67,321,67,321,67,67,67,67,67,67,67,67,67,67,67,321,67,321,67,67,67,67,67,67,67,67,67,67,67,67,321,67,321,67,67,67,67,67,67,67,67,67,67,67,321,67,321,67,67,67,67,67,67,67,67,67,67,67,321,67,321,67,67,67,67,67,67,67,67,67,67,67,321,67,321,67,67,67,67,67,67,67,67,67,67,67,321,67,321,67,67,67,67,67,67,67,67,67,67,67,321,67,321,67,67,67,67,67,67,67,67,321,67,67,67,67,67,67,67,67,67,67,67,67,67,67,321,67,67,67,67,67,67,67,67,67,67,67,67,67,67,321,67,67,67,67,67,67,67,321,67,67,67,67,67,67,67,321,67,67,67,67,67,67,67,321,67,67,67,67,67,67,67,321,67,67,67,67,67,67,67,321,67,67,67,67,67,67,67,321,67,67,67,67,67,67,67,321,67,67,67,67,67,67,67,67,43,46,67,67,67,67,67,67,43,46,67,67,67,67,67,67,43,46,67,67,67,67,67,67,33,33,67,67,67,67,67,67,43,46,67,67,67,67,67,67,43,46,67,67,67,67,67,67,43,46,67,67,67,67,67,67,43,46,67,67,67,67,67,67,43,46,67,67,67,67,67,67,67,67,67,67,67,67,43,43,67,67,67,67,67,67,67,67,67,67,67,67,67,67,67,67,67,67,67,67,67,67,67,67,67,67,67,67,67,67,213,67,67,67,67,67,67,67,67,67,67,67,67,67,67,67,67,67,67,67,67,67,43,67,67,67,67,67,43,67,67,67,67,67,67,67,67,67,67,67,67,67,67,67,67,67,33,67,67,67,67,67,67,67,67,67,67,67,67,67,67,67,33,67,67,67,43,67,33,67,43,67,43,67,33,67,43,67,33,67,237,237,67,237,237,67,237,67,67,67,43,67,67,67,67,67,43,67,67,237,67,67,67,67,67,67,67,67,67,67,43,67,67,67,67,67,67,67,67,67,67,67,67,43,67,67,67,67,67,67,67,67,43,67,43,67,67,43,28,264,33,67,67,67,67,43,67,43,67,43,67,43,67,67,43,43,43,28,264,28,67,67,67,67,43,67,43,67,67,43,43,28,264,33,67,67,67,67,67,67,67,67,67,67,67,67,67,67,67,67,67,67,43,33,67,67,67,67,67,67,67,67,67,67,67,67,67,67,67,67,67,67,43,33,67,67,67,67,67,67,67,67,67,67,67,67,67,67,67,43,33,67,67,67,67,67,67,67,67,67,67,67,67,43,28,9,6,60,6,60,40,60,59,28,38,9,43,67,67,67,67,67,67,67,67,67,67,67,67,67,67,67,40,86,28,264,28,9,44,60,33,33,59,28,38,9,9,13,67,67,67,67,67,67,67,67,67,67,67,67,67,67,67,40,86,28,264,40,60,40,60,28,9,28,9,28,9,43,67,67,67,67,67,67,67,43,46,43,46,43,33,43,33,43,43,43,43,43,43,43,43,43,43,43,43,34,43,43,43,28,28,33,33,43,34,43,43,43,43,33,43,33,43,43,41,43,34,42,44,86,43,33,40,86,43,4,43,35,40,60,28,28,43,61,26,28,28,41,35,42,43,43,15,43,43,3,43,43,14,40,60,43,41,43,22,42,300,9,43,34,43,35,43,41,43,35,22,43,35,22,43,35,22,43,41,43,43,41,43,43,34,43,34,43,43,43,43,43,43,43,43,43,43,43,43,41,43,33,43,43,6,33,43,35,43,41,43,43,44,60,28,9,43,34,41,35,3,44,43,35,43,35,33,33,42,8,8,8,43,43,46,40,86,43,43,43,41,43,43,3,33,35,22,43,35,43,43,43,3,43,43,33,35,43,28,43,28,43,3,43,43,43,43,8,43,43,43,43,3,35,3,35,43,35,3,33,43,35,43,35,43,38,43,43,43,43,152,169,128,152,152,152,152,152,152,152,152,152,152,152,151,115,169,169,169,109,152,152,152,152,152,152,152,152,152,152,151,115,169,169,169,109,152,152,152,152,152,152,152,152,152,152,151,115,169,169,169,109,152,152,152,152,152,152,152,152,152,151,115,169,169,169,109,152,152,152,152,152,152,152,152,152,151,115,169,169,169,109,152,152,152,152,152,152,152,152,152,152,152,152,151,115,169,169,169,109,152,152,152,152,152,152,152,152,152,151,115,169,169,169,109,152,152,152,152,152,152,152,152,152,151,115,169,169,169,109,152,152,152,152,152,152,152,152,152,152,151,115,169,169,169,109,152,152,152,152,152,152,152,152,152,152,151,115,169,169,169,109,152,152,152,152,152,152,152,152,152,152,151,115,169,169,169,109,152,152,152,152,152,152,152,152,152,152,151,115,169,169,169,109,152,152,152,152,152,152,152,152,152,151,115,169,169,169,109,152,152,152,152,152,152,152,152,152,151,115,169,169,169,109,152,152,152,152,152,152,152,152,152,152,151,115,169,169,169,109,152,152,152,152,152,152,152,152,152,152,151,115,169,169,169,109,152,152,152,152,152,152,152,152,152,152,151,115,169,169,169,109,152,152,152,152,152,152,152,152,152,152,151,115,169,169,169,109,152,152,152,152,152,152,152,152,152,152,151,115,169,169,169,109,152,152,152,152,152,152,152,152,152,152,151,115,169,169,169,109,152,152,152,152,152,152,152,152,152,151,115,169,169,169,109,152,152,152,152,152,152,152,152,152,151,115,169,169,169,109,152,152,152,152,152,152,152,152,152,151,115,169,169,169,109,152,152,152,152,152,152,152,152,152,151,115,169,169,169,109,152,152,152,152,152,152,152,152,152,152,151,115,169,169,169,109,152,152,152,152,152,152,152,152,152,152,151,115,169,169,169,109,152,152,152,152,152,152,152,152,152,152,151,115,169,169,169,109,152,152,152,152,152,152,152,152,152,152,151,115,169,169,169,109,152,152,152,152,152,152,152,152,152,152,151,115,169,169,169,109,152,152,152,152,152,152,152,152,152,152,151,115,169,169,169,109,152,152,152,152,152,152,152,152,152,152,151,115,169,169,169,109,152,152,152,152,152,152,152,152,152,152,151,115,169,169,169,109,152,152,152,152,152,152,152,152,152,151,115,169,169,169,109,152,152,152,152,152,152,152,152,152,151,115,169,169,169,109,152,152,152,152,152,152,152,152,152,151,115,169,169,169,109,152,152,152,152,152,152,152,152,152,152,151,115,169,169,169,109,152,152,152,152,152,152,152,152,152,152,152,151,115,169,169,169,109,152,152,152,152,152,152,152,152,152,152,151,115,169,169,169,109,152,152,152,152,152,152,152,152,152,151,115,169,169,169,109,152,152,152,152,152,152,152,152,152,152,151,115,169,169,169,109,152,152,152,152,152,152,152,152,152,151,115,169,169,169,109,152,152,152,152,152,152,152,152,152,152,151,115,169,169,169,109,152,152,152,151,115,169,169,169,109,152,152,152,152,152,152,152,152,151,115,169,169,169,125,109,152,152,152,152,152,152,152,152,151,115,169,169,169,125,109,152,152,152,152,151,115,169,169,169,125,109,152,152,152,152,151,115,169,169,169,125,109,152,152,152,152,151,115,169,169,169,125,109,152,152,152,152,151,115,169,169,169,125,109,152,152,152,152,151,115,169,169,169,125,109,152,152,152,152,151,115,169,169,169,125,109,152,152,152,152,151,115,169,169,169,125,109,152,152,152,151,115,169,169,169,125,128,128,131,118,145,109,152,152,152,151,115,169,169,169,125,128,128,131,118,145,109,152,152,152,151,115,169,169,169,125,128,128,131,118,145,109,152,152,152,151,115,169,169,169,125,128,128,131,118,128,131,118,113,145,109,152,152,152,151,115,169,169,169,125,128,128,131,118,145,109,152,152,152,151,115,169,169,169,125,128,128,131,118,145,109,152,152,152,151,115,169,169,169,125,128,128,131,118,145,109,152,152,152,151,115,169,169,169,125,128,128,131,118,145,109,152,152,152,151,115,169,169,169,125,128,128,131,118,145,109,152,152,152,152,151,115,169,169,169,125,109,152,152,152,151,115,169,169,169,125,128,128,128,118,145,109,152,152,152,151,115,169,169,169,125,109,152,152,152,151,115,169,169,169,125,109,152,152,152,151,115,169,169,169,125,109,152,152,152,151,115,169,169,169,125,109,152,152,152,151,115,169,169,169,125,109,152,152,152,151,115,169,169,169,125,109,152,152,152,151,115,169,169,169,125,109,152,152,152,151,115,169,169,169,125,109,152,152,152,152,152,151,115,169,128,117,152,152,152,152,152,152,152,152,128,153,151,152,151,152,151,115,169,169,125,128,128,119,113,111,128,128,128,120,120,118,145,146,128,128,118,120,113,128,128,128,128,120,120,118,113,93,107,94,111,128,128,128,118,127,94,128,129,128,130,120,127,94,98,140,94,117,152,152,152,152,152,152,152,152,128,153,151,152,151,152,151,115,169,169,125,128,128,119,113,120,127,94,111,128,128,128,120,120,118,145,146,128,128,128,128,120,120,118,113,93,107,128,128,118,120,113,128,128,128,128,120,120,118,113,93,107,94,128,128,131,113,93,107,94,111,128,128,128,118,127,94,98,140,94,117,152,151,128,152,151,115,169,169,125,128,128,119,113,111,128,128,128,118,127,94,117,152,151,128,152,151,115,169,169,125,128,128,119,113,111,128,128,128,118,127,94,117,152,151,128,152,151,128,152,151,115,169,169,125,128,128,119,113,128,119,113,113,111,128,128,128,118,128,128,128,118,113,127,94,117,152,152,152,152,152,152,151,128,152,151,152,152,151,115,169,169,125,128,117,152,152,152,152,152,152,151,128,152,151,152,152,151,115,169,169,125,128,117,152,151,128,152,152,152,151,115,169,169,128,117,152,151,128,152,152,152,151,115,169,169,128,117,152,151,128,152,152,152,151,115,169,169,128,117,152,151,128,152,152,152,151,115,169,169,128,117,141,197,211,197,211,226,200,254,254,254,210,230,213,205,200,236,237,237,200,236,237,200,236,237,200,236,237,200,236,237,200,236,237,200,236,237,200,236,237,200,236,237,200,236,237,200,236,237,200,236,237,200,236,237,200,236,237,200,236,237,200,236,237,200,236,237,200,236,237,200,236,237,200,236,237,200,236,237,200,236,237,200,236,237,200,236,237,200,236,237,200,236,237,200,236,237,200,236,237,200,236,237,200,236,237,200,236,237,200,236,237,200,236,237,200,236,237,200,236,237,200,236,237,200,236,237,200,236,237,200,236,237,200,236,237,200,236,237,200,236,237,200,236,237,200,236,237,200,236,237,200,236,237,200,236,237,200,236,237,200,236,237,200,236,237,200,236,237,200,236,237,200,236,237,200,236,237,200,236,237,200,236,237,200,236,237,200,236,237,200,236,237,200,236,237,200,236,237,200,236,237,200,236,237,200,236,237,200,236,237,200,236,237,200,236,237,200,236,237,200,236,237,200,236,237,200,236,237,200,236,237,200,236,237,200,236,237,200,236,237,200,236,237,200,200,236,237,200,236,237,200,236,237,200,236,200,236,200,236,200,200,236,237,200,236,237,200,236,237,200,236,237,200,236,237,200,236,237,200,236,237,237,237,213,203,213,216,213,203,216,213,203,216,213,198,203,216,203,216,213,203,216,213,203,216,213,203,216,213,203,216,213,203,216,213,203,213,212,203,213,203,213,211,212,203,213,212,203,213,213,213,212,203,213,213,213,213,213,212,203,213,214,213,213,196,198,204,179,212,180,213,213,196,198,198,198,196,212,203,203,212,203,256,212,203,211,213,196,179,212,211,213,196,198,198,198,211,205,179,212,205,196,179,212,213,237,237,237,237,237,237,237,237,213,237,237,237,237,237,237,203,213,237,237,237,237,198,203,203,237,237,176,230,213,203,203,213,213,216,213,230,213,174,203,213,213,211,230,213,229,230,213,198,198,198,208,179,231,230,213,173,196,198,203,213,179,198,205,179,212,173,214,213,230,213,185,203,213,203,184,229,230,198,179,192,203,173,179,212,203,213,213,203,213,183,215,214,213,213,230,213,230,213,198,179,192,178,198,205,198,205,179,192,178,198,173,205,198,179,192,178,173,178,173,208,203,213,213
282,27,41,211,24,32,285,339,339,339,245,330,60,285,84,330,43,9,9,245,213,298,15,61,297,26,44,214,245,330,75,60,17,28,9,237,237,237,237,43,213,245,44,214,299,299,43,33,28,33,33,61,52,43,34,61,52,214,299,43,213,43,43,43,34,43,44,43,213,298,213,298,75,60,58,9,75,60,58,9,213,43,44,44,44,43,44,22,26,213,298,213,34,44,44,44,43,44,22,26,43,43,43,43,8,28,9,43,43,43,43,8,28,9,43,33,43,34,22,22,43,33,43,34,277,26,43,43,8,33,43,43,33,9,43,15,43,43,43,213,298,43,43,22,75,33,44,44,44,43,43,43,43,43,118,128,164,169,160,128,128,129,160,100,127,94,117,87,100,145,109,169,128,94,117,118,118,94,197,211,197,211,197,211,197,211,197,211,254,254,254,214,213,230,213,185,214,213,194,200,236,237,237,236,237,245,214,213,214,213,213,179,231,245,214,213,230,213,203,213,213,212,187,198,204,203,213,213,203,213,237,210,213,215,213,179,196,198,179,231,230,185,245,214,213,222,228,179,192,178,179,196,198,179,213,179,192,178,185,192,203,213,203,213,179,192,203,213
36,27,27,27,27,27,27,27,27,56,41,41,41,41,41,41,41,41,41,30,84,43,32,32,32,32,32,32,32,32,32,32,32,24,24,24,29,32,32,66,66,66,66,66,66,66,66,30,84,43,9,30,84,84,44,43,45,9,30,84,84,40,43,45,45,44,9,30,84,84,44,43,45,9,30,84,84,40,43,45,45,44,9,84,84,44,43,45,45,9,84,84,40,43,45,45,45,44,9,30,84,84,44,43,45,9,84,84,40,43,45,45,44,9,84,84,44,43,45,9,84,84,40,43,45,45,44,9,84,6,60,84,44,60,84,44,60,84,9,30,84,84,44,43,45,9,30,84,84,44,43,45,9,67,67,67,67,67,67,67,67,67,67,67,67,67,66,66,66,66,66,43,44,43,42,66,66,66,66,66,44,43,44,43,43,22,66,66,66,66,43,44,43,42,66,66,66,66,66,44,43,44,43,43,22,43,44,43,40,43,55,44,43,44,43,40,43,43,61,22,25,66,43,44,43,55,44,43,44,43,43,61,61,61,61,25,26,43,44,43,42,44,43,44,43,43,22,44,86,86,43,5,43,43,15,43,43,15,25,66,66,43,44,43,61,61,25,42,66,66,43,44,43,61,61,25,42,67,67,67,67,67,67,67,67,67,67,67,67,67,67,67,67,67,43,67,67,43,67,43,33,69,43,67,43,67,43,67,43,67,43,43,33,67,67,67,67,67,67,67,67,67,67,67,67,43,67,67,43,67,43,33,69,43,67,43,67,43,67,43,67,43,43,33,43,9,13,43,43,40,60,8,59,28,38,9,67,67,67,43,9,13,43,43,40,60,44,60,40,60,40,60,59,28,38,9,43,9,43,33,43,43,33,43,5,5,5,5,5,5,5,5,5,5,5,5,5,5,5,5,5,5,5,5,5,5,5,5,5,5,5,5,5,5,5,5,5,5,5,5,5,5,5,5,5,5,5,5,5,5,5,5,5,5,5,5,5,5,5,5,5,5,5,5,5,5,5,5,5,5,5,5,5,5,5,5,5,5,44,44,59,28,39,9,67,67,67,67,69,43,44,60,40,60,8,28,39,9,33,67,67,67,69,43,44,60,40,60,8,28,39,9,33,43,43,10,43,70,43,43,43,10,43,43,10,43,70,43,43,43,10,61,22,42,45,9,43,43,33,40,60,43,43,43,61,26,61,22,42,45,9,43,33,43,43,15,43,10,43,10,40,60,43,43,43,61,26,26,22,22,43,43,43,43,43,46,15,46,15,46,15,46,15,46,15,46,15,46,15,46,15,46,15,46,15,46,15,46,15,46,15,46,15,46,15,46,15,46,15,46,15,46,15,46,15,46,15,46,15,46,15,46,15,46,15,46,15,46,15,46,15,46,15,46,15,46,15,46,15,46,15,46,15,46,15,46,15,46,15,46,15,46,15,46,15,46,15,46,15,46,15,46,15,46,15,46,15,46,15,46,15,46,15,46,15,46,15,46,15,46,15,46,15,46,15,46,15,46,15,46,15,46,15,46,15,46,15,46,15,46,15,46,15,46,15,46,15,46,15,46,15,46,15,46,15,46,15,46,15,46,15,46,15,43,43,40,60,43,41,43,22,22,43,70,43,43,15,43,43,35,43,33,43,61,61,26,43,43,43,70,43,43,15,43,43,35,43,33,43,61,26,43,43,44,44,44,60,33,33,44,43,22,42,43,43,43,35,40,60,28,9,26,44,60,33,33,44,43,22,42,43,43,44,35,43,35,40,60,43,9,43,9,26,33,33,44,35,44,35,44,35,44,35,44,35,44,35,44,35,44,35,44,35,44,35,44,35,44,35,44,35,44,35,44,35,44,35,44,35,44,35,44,35,44,35,44,35,44,35,44,35,44,35,44,35,44,35,44,35,44,35,44,35,44,35,44,35,44,35,44,35,44,35,44,35,44,35,44,35,44,35,44,35,44,35,44,35,44,35,44,35,44,35,44,35,44,35,44,35,44,35,44,35,44,35,44,35,44,35,44,35,44,35,44,35,44,35,44,35,44,35,44,35,44,35,44,35,44,35,44,35,44,35,44,35,44,35,44,35,44,35,44,35,44,35,44,35,44,35,44,35,44,35,43,35,33,33,44,44,28,43,43,40,60,44,60,28,9,9,44,44,33,43,43,40,60,28,9,9,41,41,43,43,15,43,43,43,43,43,43,43,33,34,43,33,43,35,22,28,9,26,43,43,15,43,43,43,43,43,43,33,34,43,43,33,26,22,51,19,28,9,43,43,43,43,43,14,43,43,43,43,43,43,43,43,43,43,43,43,43,43,43,43,43,43,43,43,43,43,43,43,43,43,43,43,43,43,43,43,43,43,43,43,43,43,43,43,43,43,43,43,43,43,43,43,43,43,43,43,43,43,43,43,43,43,43,43,43,43,43,43,43,43,43,43,43,43,43,43,43,43,43,43,3,3,43,43,3,3,43,43,33,35,43,33,43,43,12,43,34,26,22,43,43,43,43,43,33,43,14,61,26,61,61,26,26,22,22,44,28,43,43,43,43,43,33,43,35,22,28,9,26,44,33,43,43,43,43,43,28,9,9,8,43,50,22,11,50,22,11,50,22,11,50,22,11,50,22,11,50,22,11,50,22,11,50,22,11,50,9,50,22,11,43,14,22,19,3,35,3,35,3,35,3,35,43,43,43,43,43,44,33,28,9,9,33,43,43,43,40,60,28,9,44,60,44,60,28,9,9,28,9,9,8,33,43,33,35,43,43,28,33,43,35,22,28,9,9,43,43,43,33,35,55,22,19,43,10,14,33,14,33,14,33,14,33,14,33,14,33,14,33,14,33,14,22,11,33,8,43,43,43,43,43,43,43,43,43,43,43,15,37,35,61,22,22,43,43,28,43,33,43,39,22,19,43,43,33,43,43,33,14,22,22,43,34,22,22,43,43,43,43,43,43,43,46,33,43,43,28,33,43,35,51,51,43,43,9,13,33,43,43,14,43,43,14,43,43,14,43,43,14,43,43,14,43,43,14,43,43,14,43,43,14,8,43,43,43,43,10,44,12,12,40,60,33,33,46,43,46,43,43,14,28,35,33,43,43,28,43,43,43,35,8,8,33,33,43,43,43,46,33,43,43,28,43,50,22,22,11,50,22,22,11,50,22,22,11,50,22,22,11,50,22,22,11,50,26,11,43,50,26,22,11,50,22,22,11,50,22,22,11,50,22,11,61,22,22,22,22,22,45,9,43,43,43,43,10,43,40,43,40,43,43,37,43,43,28,43,43,43,43,35,43,43,43,43,35,43,15,43,12,43,43,28,43,43,12,43,43,43,46,33,14,33,33,14,33,33,14,33,33,14,33,33,14,33,33,28,9,9,14,43,22,33,14,33,33,14,33,33,33,40,60,33,33,33,8,8,44,43,54,12,46,43,46,44,33,44,33,46,43,46,40,37,43,43,43,43,43,14,43,43,14,43,43,14,43,43,14,43,43,14,43,43,14,43,43,14,43,43,14,43,43,14,43,43,14,43,35,22,22,33,43,43,14,43,43,14,43,43,14,43,43,14,43,43,14,43,43,43,43,33,43,43,12,43,43,35,43,43,35,43,10,43,10,43,15,40,43,43,43,43,35,43,43,43,43,33,33,33,43,43,14,43,43,33,35,40,43,44,28,43,43,43,43,43,28,43,43,28,43,43,43,46,43,46,33,46,33,43,43,43,43,43,43,206,211,197,211,211,211,211,211,211,211,211,200,236,237,200,236,237,237,200,236,237,237,200,236,239,213,240,214,211,236,213,237,200,236,237,200,236,239,213,254,254,214,213,213,215,213,215,210,213,179,225,179,231,214,213,230,213,185,198,203,213,205,210,215,214,213,215,213,214,213,179,231,210,230,213,192,178,200,236,237,237,254,213,179,231,230,231,214,213,230,213,185,205,213,179,212,203,179,192,203,176,214,213,256,230,213,175,175,216,185,214,213,205,214,213,230,213,185,214,213,230,213,179,195,229,230,213,205,198,211,209,179,192,203,213,173,173,173,205,200,236,237,237,200,236,237,237,237,237,237,237,237,237,237,212,203,180,192,203,212,203,180,192,203,225,179,231,230,185,192,203,231,230,213,185,231,230,195,178,198,179,231,230,185,195,179,237,237,213,237,237,198,208,179,231,210,230,213,203,213,230,213,230,213,179,196,179,179,239,213,240,203,213,239,213,215,213,179,192,203,213,216,185,205,216,185,205,216,185,205,216,185,205,216,185,205,216,185,205,216,185,205,216,185,205,216,185,205,216,185,205,216,185,205,216,185,205,216,185,205,216,185,205,216,185,205,216,185,205,216,185,205,216,185,205,216,185,205,216,185,205,216,185,205,216,185,205,216,185,205,216,185,205,216,185,205,216,185,205,216,185,205,216,185,205,216,185,205,216,185,205,216,185,205,216,185,205,216,185,205,216,185,205,216,185,205,216,185,205,216,185,205,216,185,205,216,185,205,216,185,205,216,185,205,216,185,205,216,185,205,216,185,205,216,185,205,216,185,205,216,185,205,216,185,205,216,185,205,216,185,205,216,185,205,216,185,205,216,185,205,216,185,205,216,185,205,216,185,205,216,185,205,216,185,205,216,185,205,216,185,205,216,185,205,216,185,205,216,185,205,216,185,205,216,185,205,216,185,205,216,185,205,216,185,205,216,185,205,203,203,213,198,205,179,192,203,213,198,216,203,213,196,198,205,179,179,192,178,203,203,184,203,230,213,182,203,213,185,182,198,204,179,196,198,207,205,179,231,230,213,198,184,179,231,230,213,203,213,184,198,196,198,209,179,198,179,192,178,189,192,203,213,198,216,216,192,203,198,205,179,192,203,198,216,196,198,205,179,198,203,179,220,181,220,184,192,203,230,203,213,230,213,198,203,184,179,192,178,185,203,198,178,203,198,216,192,203,184,203,184,184,203,184,184,203,184,184,203,184,184,203,184,184,203,184,184,192,178,192,178,182,203,192,203,182,207,203,221,196,179,231,230,213,203,213,203,205,192,203,182,203,198,216,220,215,214,213,213,179,224,185,214,213,198,216,203,203,203,203,203,198,205,179,203,213,203,178,203,198,216
237
26,61,61,61,61,26,61,26,61,26,26,28,9,44,60,40,60,40,60,40,60,28,9,40,60,28,9,40,60,28,9,28,9,43,41,42,43,43,33,43,33,43,10,43,33,39,28,22,26,43,33,39,37,22,26,43,33,39,37,22,33,43,22,22,26,43,43,43,43,43,43,41,43,43,35,8,28,9,43,43,41,43,28,8,28,9,43,43,41,43,28,8,43,43,33,33,28,9,43,28,43,41,22,39,28,43,28,43,41,22,39,28,43,28,43,43,43,43,43,43,43,35,277,43,43,8,43,43,35,43,37,8,43,43,35,43,37,43,10,28,43,10,28,43,35,43,35,196,198,213,211,179,212,214,213,230,213,203,213,213,210,230,213,203,210,230,213,180,210,230,213,203,213,198,209,213,198,205,179,192,178,198,196,198,211,179,230,213,203,198,209,207,198,198,205,179,192,178,198,207,198,205,196,198,211,230,213,203,198,207,198,198,179,192,178,198,207,198,205,198,179,192,203,213,192,203,196,198,213,205,179,192,203,213,173,173,213,213,198,203,178,180
237,237,237,237,237,237,237,237,237,237,237,237,237,321,321,66,66,321,66,321,321,321,237,237,237,237,237,237,237,237,237,237,237,237,67,237,67,237,67,237,67,237,67,237,67,237,67,237,67,237,67,237,67,237,67,237,67,237,67,237,67,237,67,237,67,237,67,237,67,237,67,237,67,237,67,237,237,67,237,237,237,67,237,237,67,237,67,237,67,237,237,237,237,237,237,67,237,237,237,67,43,67,67,237,67,322,237,322,237,322,237,237,237,237,237,237,237,237,237,237,67,237,237,237,67,237,67,237,237,237,237,237,237,237,237,237,237,237,237,237,237,237,237,237,237,237,67,237,237,67,237,152,152,152,151,152,236,213,237,236,213,237,236,237,236,237,237,237,237,237,213,237,236,211,237,237,237,237,213,237,237,237,237,237,213,237,237,237,237,237,237,237,237,237,237,237,237,213,237,237,237,237,237,213,237,237,237,237,237,237,237,237,237,237,237,237,237,237,237,237,237,237,237
27,27,27,27,41,41,41,41,24,24,24,24,29,32,32,32,30,84,84,84,44,60,30,84,84,299,60,30,84,84,84,44,60,30,84,84,84,44,60,84,9,30,84,84,44,43,9,30,84,84,299,43,9,30,84,84,40,43,45,9,44,44,66,43,43,66,43,66,43,43,33,66,43,43,33,61,22,61,61,61,66,66,43,42,66,66,61,26,297,66,66,44,43,42,43,26,43,26,42,67,67,67,43,43,15,67,43,43,15,44,60,8,67,67,67,67,67,67,237,40,60,264,40,60,40,60,28,237,237,67,237,237,33,67,67,66,67,67,67,67,43,67,67,66,67,67,67,67,299,60,28,9,67,67,43,33,237,237,214,28,9,213,237,237,44,28,9,43,44,44,43,43,33,43,33,43,288,43,288,43,288,28,28,43,26,61,61,43,43,43,69,69,43,43,43,34,22,22,22,43,43,43,213,213,12,43,34,26,22,43,43,12,43,34,26,22,43,43,43,43,288,43,43,43,43,198,283,198,283,43,14,28,264,40,60,40,60,28,9,43,43,43,43,8,8,8,44,33,283,9,9,33,44,33,283,9,9,33,43,43,28,28,43,14,33,14,43,288,43,288,28,28,54,43,26,43,270,43,33,43,43,213,298,43,43,43,22,316,280,22,22,43,43,43,43,43,43,43,43,22,316,280,22,22,43,43,43,43,43,14,43,14,43,43,35,198,283,198,283,43,14,15,28,9,33,43,43,43,8,44,314,293,8,8,8,44,314,293,8,8,28,28,43,14,44,28,33,14,54,43,43,15,43,43,33,33,61,43,33,43,41,43,15,43,213,33,61,43,33,43,41,43,14,43,14,43,46,43,43,43,35,15,44,43,43,43,299,60,43,43,43,44,213,43,43,44,60,43,43,43,44,28,43,43,12,43,43,43,12,28,43,46,43,299,33,44,33,288,28,43,43,43,43,213,43,43,43,43,43,33,35,213,43,43,43,33,43,43,43,43,128,128,118,128,128,118,128,128,118,128,128,118,95,128,128,118,95,113,128,128,118,128,128,118,95,128,128,118,95,113,128,129,100,171,91,128,126,128,128,88,128,128,88,128,128,88,94,111,128,171,91,128,126,128,128,88,128,128,88,128,128,88,94,111,197,211,197,211,197,211,197,211,211,254,213,194,200,236,237,254,254,254,214,213,230,213,194,200,236,237,200,236,237,214,213,230,213,203,213,213,185,214,213,200,236,237,230,213,179,231,230,213,203,213,213,203,213,213,192,178,203,213,200,236,237,200,236,237,200,236,237,236,237,213,215,214,213,213,179,231,230,213,182,203,213,196,198,204,179,213,215,213,179,231,230,213,182,203,196,198,179,213,212,231,210,230,213,203,213,213,196,198,198,198,205,198,205,198,205,179,224,185,214,213,198,216,212,231,214,213,230,213,196,198,179,192,178,185,214,213,203,213,214,213,212,203,213,237,237,237,237,210,230,213,203,213,205,230,213,203,205,198,198,198,198,184,198,184,198,198,237,237,237,237,237,237,196,198,203,184,239,230,213,203,205,230,213,203,205,198,198,198,198,184,198,184,198,198,178,203,213,178,198,179,192,178,185,214,213,231,230,213,203,213,198,179,192,178,203,196,198,203,192,178,211,192,178,178,203,178,203,213,203,213,231,230,182,203,196,198,203,213,203,213,198,203,203,213,179,196,198,198,203,203,213,198,203,213
36,27,27,56,41,41,41,30,84,84,43,24,24,24,24,24,24,24,24,24,24,24,24,24,24,24,24,24,24,32,32,32,32,32,32,32,32,32,32,32,32,32,32,32,32,32,32,32,32,32,32,32,32,32,32,32,66,66,66,66,66,66,66,66,66,30,84,84,84,44,60,30,84,84,84,44,60,30,84,84,84,44,60,30,84,84,84,44,60,30,84,84,84,44,60,30,84,84,84,44,60,30,84,84,84,44,60,30,84,84,84,44,60,30,84,84,84,44,60,30,84,84,84,44,60,30,84,84,84,44,60,30,84,84,84,44,60,30,84,84,84,44,60,30,84,84,84,44,60,30,84,84,84,44,60,30,84,84,84,44,60,30,84,84,84,44,60,30,84,84,84,44,60,30,84,43,9,30,84,84,40,43,45,9,30,84,84,40,43,45,45,9,30,84,84,44,43,45,44,9,30,84,84,40,43,45,9,30,84,84,44,43,45,9,30,84,84,44,43,45,9,30,84,84,44,43,45,9,30,84,84,44,43,45,9,30,84,84,44,43,45,9,30,84,84,44,43,45,9,30,84,84,40,43,45,45,45,9,30,84,84,40,43,45,45,45,9,30,84,84,40,43,45,45,45,9,30,84,84,40,43,45,45,45,9,30,84,84,40,43,45,45,45,9,30,84,84,40,43,45,45,45,9,30,84,84,40,43,45,45,45,9,30,84,84,40,43,45,45,45,9,30,84,84,40,43,45,45,45,9,30,84,84,40,43,45,45,45,9,30,84,84,40,43,45,45,45,9,30,84,84,40,43,45,45,45,9,30,84,84,40,43,45,45,9,30,84,84,40,43,45,45,9,30,84,84,40,43,45,9,30,84,84,40,43,45,9,67,67,67,67,67,67,67,67,67,66,43,43,15,66,43,43,15,66,43,43,15,66,43,43,15,66,43,43,15,66,43,43,15,66,43,43,15,66,43,43,15,66,43,43,15,66,43,43,15,66,43,43,15,66,43,43,15,66,43,43,15,66,43,43,15,66,43,43,15,66,43,43,15,66,43,43,15,66,43,43,15,66,66,66,66,44,43,42,66,66,66,66,44,43,40,43,55,66,66,66,66,43,44,43,43,26,26,26,26,61,61,61,61,61,61,26,26,66,66,66,44,43,26,25,42,66,66,66,66,43,44,43,42,66,66,66,66,43,44,43,42,66,66,66,66,43,44,43,42,66,66,66,66,43,44,43,42,66,66,66,66,43,44,43,61,42,66,66,66,66,43,44,43,61,42,66,66,66,66,66,40,43,40,43,40,43,26,26,42,66,66,66,66,66,40,43,40,43,40,43,26,26,42,66,66,66,66,66,40,43,40,43,40,43,26,26,42,66,66,66,66,66,40,43,40,43,40,43,26,26,42,66,66,66,66,66,40,43,40,43,40,43,42,66,66,66,66,66,40,43,40,43,40,43,42,66,66,66,66,66,40,43,40,43,40,43,26,26,42,66,66,66,66,66,40,43,40,43,40,43,26,26,42,66,66,66,66,66,40,43,40,43,40,43,26,26,42,66,66,66,66,66,40,43,40,43,40,43,26,26,42,66,66,66,66,66,40,43,40,43,40,43,42,66,66,66,66,66,40,43,40,43,40,43,42,66,66,66,66,40,43,40,43,26,26,61,61,26,26,66,66,66,66,40,43,40,43,26,26,61,61,26,26,66,66,66,44,43,26,25,42,66,66,66,44,43,26,61,61,61,61,61,61,61,26,22,61,62,26,42,67,44,35,67,44,35,67,44,39,67,44,35,67,44,35,67,44,39,67,44,12,67,44,12,67,44,12,67,44,12,67,44,12,67,44,12,67,44,35,67,44,35,67,44,39,67,44,35,67,44,35,67,44,39,67,67,67,67,67,67,43,67,67,67,43,33,67,67,43,67,43,67,67,43,9,13,67,67,67,67,67,67,67,67,67,67,67,67,43,67,67,43,67,43,28,9,28,9,33,9,28,9,40,60,44,60,44,60,44,60,40,60,40,60,28,9,9,39,9,9,67,66,67,67,43,67,67,43,28,9,59,28,38,9,28,67,43,67,67,43,67,43,33,67,43,67,67,43,67,43,33,67,67,43,67,67,43,67,43,33,67,43,67,67,43,67,43,33,67,43,67,67,43,67,43,44,60,43,67,43,67,67,43,67,43,44,60,43,67,43,67,43,67,43,67,67,28,9,28,9,43,67,43,67,43,67,43,67,67,28,9,28,9,43,67,43,67,43,67,43,67,67,28,9,28,9,43,67,43,67,43,67,43,67,67,28,9,28,9,43,67,67,43,67,43,67,43,67,67,33,67,67,43,67,43,67,43,67,67,33,67,43,67,43,67,43,67,67,28,9,28,9,43,67,43,67,43,67,43,67,67,28,9,28,9,43,67,43,67,43,67,43,67,67,28,9,28,9,43,67,43,67,43,67,43,67,67,28,9,28,9,43,67,67,43,67,43,67,43,67,67,33,67,67,43,67,43,67,43,67,67,33,67,67,67,67,67,67,67,67,67,67,67,67,67,67,67,67,67,67,67,67,67,67,67,67,43,67,43,67,67,67,28,9,28,9,40,60,40,60,28,9,28,9,9,67,67,67,67,67,67,67,67,67,67,67,67,67,67,67,67,67,67,67,67,67,67,43,67,43,67,67,67,28,9,28,9,40,60,40,60,28,9,28,9,9,67,67,67,67,43,67,67,43,28,9,59,28,38,9,10,67,67,67,67,67,67,43,67,67,43,28,9,6,60,40,60,40,60,40,60,40,60,40,60,40,60,28,9,38,40,60,28,9,28,9,28,43,43,43,35,43,43,43,35,43,40,35,43,40,35,43,40,39,43,40,35,43,40,35,43,40,39,43,43,43,35,43,43,43,35,43,43,35,42,45,9,43,34,42,33,35,54,43,43,46,42,33,33,42,43,33,43,43,43,43,43,43,43,33,43,28,43,39,26,22,26,22,33,26,61,61,51,26,26,69,43,34,42,40,60,43,35,43,26,33,35,43,43,43,43,43,43,43,43,43,43,43,43,43,43,15,43,43,15,43,43,22,43,43,22,43,43,22,43,43,22,43,43,22,43,43,22,43,43,22,43,43,22,43,43,33,43,43,43,33,43,43,43,22,43,43,22,43,43,22,43,43,22,43,43,22,43,43,22,43,43,22,43,43,22,43,43,33,43,43,43,33,43,43,43,42,43,43,42,43,33,43,33,43,43,42,43,43,42,42,43,43,42,43,43,42,43,33,43,33,43,43,42,43,43,42,42,37,37,42,40,60,43,33,43,26,37,37,42,40,86,43,33,43,41,43,10,43,10,43,10,43,10,43,17,43,28,26,43,43,43,28,37,26,22,43,41,26,26,26,26,42,39,43,35,35,33,44,43,42,34,43,43,15,34,43,43,46,43,43,46,33,43,43,28,43,43,14,33,33,35,35,28,9,9,8,28,9,9,8,43,43,43,28,9,9,44,60,40,60,43,50,50,26,54,50,50,55,50,50,55,55,50,54,28,9,9,28,9,9,43,70,10,43,28,28,9,43,43,44,43,44,43,8,8,8,8,8,8,8,8,43,43,43,43,43,43,43,43,8,8,8,8,8,8,8,8,43,43,43,43,43,43,43,43,39,39,43,43,43,43,43,43,35,39,39,39,39,43,43,43,43,43,43,35,39,39,28,28,10,43,35,43,43,39,9,28,28,10,43,43,37,35,35,43,35,28,9,43,43,28,28,9,26,38,28,9,28,9,28,9,28,9,10,43,43,43,43,43,43,44,46,43,43,33,35,43,43,14,43,43,14,43,39,26,22,22,43,33,43,39,22,22,43,34,28,28,22,22,43,43,33,43,28,14,14,28,9,15,14,14,9,13,14,14,9,13,9,13,15,28,28,22,22,28,28,55,55,42,61,55,55,42,44,33,35,33,14,42,43,43,43,43,43,43,43,43,43,43,43,43,43,43,43,43,43,43,43,43,43,43,43,43,43,43,43,43,43,43,43,43,43,43,35,35,35,35,35,35,35,35,43,34,33,35,33,42,43,34,33,35,28,28,28,61,26,25,42,28,39,28,28,22,22,28,9,26,43,28,28,42,28,28,42,39,37,42,28,28,42,43,43,43,35,28,9,8,8,43,43,35,43,35,8,8,43,39,43,28,8,8,43,43,35,28,33,33,28,37,55,42,44,28,61,26,45,9,61,26,45,9,42,45,9,44,28,43,39,43,28,8,8,43,34,43,34,9,13,9,13,33,40,60,9,13,9,13,33,41,43,43,43,43,43,10,43,43,43,43,33,10,43,43,3,14,3,14,3,14,40,60,28,9,28,38,9,10,28,43,43,3,14,3,14,8,8,3,14,26,22,28,9,26,3,14,3,14,10,3,14,3,14,10,43,28,43,3,14,3,14,28,43,43,54,43,33,43,33,43,33,43,43,35,33,35,43,33,43,34,33,35,43,43,43,43,28,33,28,9,13,33,43,43,46,44,60,39,9,44,43,44,60,39,9,44,43,33,44,43,43,43,46,35,33,35,43,33,43,34,42,45,9,42,45,9,43,43,43,28,61,26,45,9,61,26,45,9,43,43,43,43,43,43,35,43,43,43,28,43,28,43,43,42,43,41,43,26,43,28,43,43,43,43,43,10,43,10,43,43,28,9,8,28,28,26,26,22,22,28,9,9,43,43,43,43,43,43,43,43,28,28,43,43,43,43,43,39,15,43,43,28,43,43,43,28,43,43,35,43,43,43,43,43,28,28,43,43,28,28,43,33,28,33,42,45,9,43,43,43,43,33,37,42,43,43,43,33,37,42,43,43,43,43,43,43,43,43,28,33,33,44,43,33,44,43,33,33,44,60,39,9,44,43,44,60,39,9,44,43,43,35,43,35,10,28,9,43,35,43,43,42,43,10,3,14,3,14,43,9,39,9,8,8,28,28,26,22,22,42,28,28,3,14,43,44,28,43,35,43,35,43,35,33,35,43,34,43,34,43,43,35,33,14,43,43,33,33,44,43,43,43,43,28,43,43,43,43,28,43,43,35,43,43,43,43,43,43,43,43,43,43,43,43,43,43,33,37,42,43,43,43,33,37,42,43,37,37,37,42,10,43,43,43,43,42,43,42,43,10,43,10,3,14,3,14,39,9,8,8,10,28,28,3,14,43,43,43,43,46,43,43,43,43,35,43,43,35,43,43,43,33,37,33,37,43,43,28,43,43,43,28,43,28,28,28,10,10,10,43,43,43,43,43,42,43,10,43,10,3,14,3,14,43,43,43,43,28,43,43,28,33,37,33,37,28,28,28,28,28,28,10,43,43,43,43,28,39,28,39,43,43,28,43,43,28,3,14,3,14,3,14,3,14,3,14,3,14,33,35,43,33,35,43,28,39,28,39,43,43,43,43,43,43,43,43,43,43,43,43,43,43,43,43,33,35,43,33,35,43,43,43,43,43,206,211,197,211,211,200,236,237,200,236,237,254,254,254,214,213,230,213,185,205,200,236,237,230,213,185,205,200,236,237,230,213,185,209,200,236,237,214,213,230,213,185,205,200,236,237,230,213,185,205,200,236,237,230,213,185,209,200,236,237,214,213,230,213,185,182,210,200,236,237,230,213,185,182,200,236,237,230,213,185,182,200,236,237,214,213,230,213,185,182,210,200,236,237,230,213,185,182,200,236,237,230,213,185,182,200,236,237,214,213,230,213,185,205,200,236,237,230,213,185,205,200,236,237,230,213,185,209,200,236,237,214,213,230,213,185,205,200,236,237,230,213,185,205,200,236,237,230,213,185,209,200,236,237,237,200,236,237,237,200,236,237,237,200,236,237,200,236,237,236,239,213,240,214,211,237,200,236,237,200,236,237,200,236,237,237,200,236,237,200,236,237,200,236,237,200,236,237,200,236,237,200,236,237,200,236,237,200,236,237,200,236,237,200,236,237,200,236,237,200,236,237,200,236,237,200,236,237,200,236,237,200,236,237,200,236,237,200,236,237,237,200,236,237,237,237,237,237,237,237,237,237,214,213,213,212,203,213,210,213,225,179,212,203,213,183,215,214,213,213,179,213,213,196,198,204,179,212,213,196,198,179,212,180,212,203,213,212,203,212,203,213,212,203,213,231,230,213,185,212,213,231,230,213,185,212,210,213,213,213,196,198,179,192,178,210,212,203,213,213,203,210,196,198,212,203,213,203,213,213,196,198,179,212,196,198,207,198,207,198,203,213,179,212,180,237,237,237,237,237,237,237,237,198,203,179,224,185,216,203,213,216,198,203,216,203,216,179,212,203,213,210,230,213,203,213,198,230,213,230,213,230,213,230,213,203,213,184,230,213,198,203,184,203,184,198,179,196,198,179,209,203,213,213,179,196,198,198,179,192,178,203,213,198,237,237,229,230,213,198,203,198,208,179,196,198,203,184,198,237,237,237,237,237,237,237,237,237,237,237,198,179,192,178,237,198,237,237,237,237,198,179,212,209,230,213,203,213,230,213,203,198,179,212,198,237,237,230,203,213,230,203,237,237,229,230,198,208,179,196,209,203,203,237,176,256,230,213,203,213,230,213,211,210,230,213,230,213,230,213,230,213,230,213,187,207,198,173,184,198,198,179,196,198,198,173,198,173,184,179,231,230,198,205,208,230,198,198,207,198,198,198,198,209,179,196,198,198,173,198,184,179,192,178,198,179,196,198,209,196,179,192,178,203,179,196,179,192,178,203,179,178,203,178,230,213,203,230,213,198,203,213,203,220,184,220,184,198,198,198,179,225,198,198,198,198,207,198,198,198,198,184,198,184,198,198,198,179,192,178,203,198,198,198,203,213,203,185,198,216,184,184,179,231,230,213,203,213,213,196,209,207,198,203,213,207,198,198,203,213,205,209,179,179,231,230,213,203,213,196,209,207,198,203,207,198,198,203,205,179,179,212,203,213,183,215,213,179,225,179,231,230,203,198,179,196,198,212,198,179,178,203,178,178,225,179,212,203,213,183,179,212,203,203,213,179,231,230,203,196,209,207,198,207,198,198,203,213,203,198,179,196,198,207,198,198,198,207,198,198,184,198,178,179,196,198,209,198,198,203,203,203,178,198,198,184,198,179,196,178,178,178,198,198,184,198
213,211,213,211,211,213,213,213,213,213,213,213,213,213,213,213,213,213,213,213,213,213,213,213,213,213,213,213,213,213,213,213,213,213,211,213,213,213,213,213,213,213,213,213,213,213,213,213,213,213,213,213,213,213,213,213,213,213,213,213,213,213,213,213,213,213,213,213,213,213,213,213,213,213,213,213,213,213,213,213,213,213,213,213,213,213,213,213,213,213,213,213,213,213,213,213,213,213,213,213,213,213,213,213
36,27,27,56,41,41,41,30,84,43,44,24,24,24,24,32,32,32,32,32,32,32,32,32,32,32,32,32,32,32,32,32,32,32,32,32,32,32,32,32,32,32,32,32,32,32,32,32,32,32,32,32,32,32,32,32,32,32,32,32,32,32,32,32,32,32,32,32,32,32,32,32,32,32,32,32,32,32,32,32,32,32,32,32,32,32,32,32,32,32,32,66,66,66,66,43,30,84,84,84,40,60,30,84,6,60,30,84,40,60,30,84,44,60,30,84,43,9,30,84,43,45,9,30,84,43,45,9,30,84,44,43,9,30,84,40,43,45,9,30,84,40,43,9,30,84,40,43,45,9,30,84,40,43,9,30,84,40,43,45,9,30,84,40,43,9,30,84,40,43,9,30,84,40,43,9,30,84,40,43,9,30,84,40,43,45,9,30,84,40,43,45,45,9,30,84,6,43,9,30,84,6,43,45,45,9,30,84,6,43,45,9,30,84,40,43,45,45,45,45,9,30,84,44,43,9,30,84,44,43,45,9,30,84,44,43,45,9,30,84,44,43,45,9,30,84,44,43,45,9,30,84,44,43,45,9,30,84,44,43,45,45,45,9,30,84,44,43,45,9,30,84,44,43,45,9,30,84,44,43,45,9,30,84,44,43,45,9,30,84,44,43,45,9,30,84,44,43,45,9,30,84,44,43,45,45,9,30,84,44,43,45,45,9,30,84,44,43,45,45,9,30,84,44,43,45,45,45,9,30,84,44,43,45,45,45,9,30,84,44,43,45,45,9,30,84,44,43,45,45,9,30,84,44,43,45,45,9,30,84,44,43,45,45,45,45,9,30,84,44,43,45,45,9,30,84,44,43,45,45,9,30,84,44,43,45,45,9,30,84,44,43,45,45,9,30,84,44,43,45,45,9,30,84,44,43,45,45,9,30,84,44,43,45,45,9,30,84,44,43,45,9,30,84,44,43,45,9,30,84,44,43,45,9,30,84,44,43,45,45,45,9,30,84,44,43,45,45,45,9,30,84,44,43,45,45,9,30,84,44,43,45,45,9,30,84,40,43,45,9,30,84,40,43,45,9,30,84,44,43,45,9,30,84,44,43,45,45,9,30,84,44,43,45,9,30,84,44,43,45,9,30,84,44,43,45,45,9,30,84,40,43,45,9,30,84,40,43,45,9,30,84,40,43,45,9,30,84,40,43,45,45,9,30,84,40,43,45,9,30,84,40,43,45,45,9,30,84,40,43,45,9,30,84,40,43,45,45,9,30,84,40,43,45,9,30,84,40,43,45,45,9,30,84,44,43,9,30,84,44,43,9,30,84,40,43,45,45,9,30,84,40,43,45,9,67,67,67,67,67,67,67,67,67,67,67,67,67,67,67,67,67,67,67,67,67,67,67,67,67,67,67,67,66,67,67,67,67,66,43,35,66,40,86,43,66,43,66,43,43,66,18,66,66,40,43,47,26,22,66,66,44,43,47,26,66,66,43,42,66,66,44,43,26,22,66,66,42,66,66,66,40,43,26,26,66,66,42,66,66,40,43,26,66,26,66,66,42,66,22,66,42,66,66,66,66,40,43,26,42,66,66,66,66,40,43,40,43,26,22,66,66,40,86,61,22,42,66,66,66,66,40,86,40,43,40,43,22,61,22,42,66,66,66,40,86,6,43,61,26,22,42,66,66,66,66,66,66,66,40,43,40,43,40,43,86,40,43,26,26,26,22,66,66,66,43,26,42,66,66,66,43,44,43,26,66,66,66,43,44,43,26,61,26,42,66,66,66,43,44,43,26,61,26,42,66,66,66,43,44,43,26,61,26,42,66,66,66,43,6,43,26,61,26,42,66,66,66,66,66,43,6,43,40,43,40,43,26,26,26,42,66,66,66,43,40,43,26,42,66,66,66,43,40,43,61,22,22,42,66,66,66,43,40,43,42,66,66,66,43,40,43,42,66,66,66,43,40,43,42,66,66,66,43,40,43,42,66,66,66,66,43,6,43,44,43,26,42,66,66,66,66,43,44,43,44,43,26,42,66,66,66,66,43,40,43,40,43,26,42,66,66,66,66,66,43,44,43,40,43,40,43,26,42,66,66,66,66,66,43,44,43,40,43,40,43,26,42,66,66,66,66,66,43,40,43,44,43,26,66,66,66,66,66,43,40,43,44,43,22,26,61,26,42,66,66,66,66,66,43,40,43,40,43,86,22,26,61,26,42,66,66,66,66,66,66,66,43,40,43,40,43,86,40,43,40,43,22,26,26,26,26,42,66,66,66,66,66,43,40,43,40,43,22,26,42,66,66,66,66,66,43,40,43,40,43,22,22,22,22,22,42,66,66,66,66,66,43,40,43,40,43,42,66,66,66,66,66,43,40,43,40,43,42,66,66,66,66,66,43,40,43,40,43,42,66,66,66,66,66,43,40,43,40,43,42,66,66,66,66,66,43,40,43,40,43,22,61,26,42,66,66,66,66,43,40,43,26,22,22,42,66,66,66,43,40,43,25,42,66,66,66,43,44,43,61,26,42,66,66,66,66,66,66,43,40,43,40,43,44,43,22,61,61,61,26,26,22,42,66,66,66,66,66,66,43,40,43,40,43,44,43,22,61,61,26,26,22,42,66,66,66,66,43,40,43,40,43,26,42,66,66,66,66,43,44,43,44,43,61,26,42,66,66,66,44,43,26,61,26,26,25,42,66,66,66,44,43,26,61,26,26,61,25,42,66,66,66,66,43,40,43,42,66,66,66,66,66,43,40,43,40,43,22,42,66,66,66,43,40,43,26,66,66,66,43,40,43,26,66,66,66,66,43,40,43,40,43,26,26,26,66,66,66,40,43,61,25,42,66,66,66,44,43,42,66,66,66,40,43,42,66,66,66,66,40,43,40,43,22,26,61,25,42,66,66,66,44,43,42,66,66,66,66,44,43,40,43,22,26,61,26,42,66,66,66,40,43,42,66,66,66,66,40,43,40,43,22,26,61,25,42,66,66,66,44,43,42,66,66,66,66,44,43,40,43,22,26,61,26,42,66,66,43,61,61,25,42,66,66,43,42,66,66,66,66,66,40,43,40,43,26,26,26,42,66,66,66,40,43,26,69,67,67,67,67,67,35,67,43,67,28,9,8,67,67,43,67,43,28,9,9,67,67,43,67,43,67,43,28,9,8,67,67,43,67,67,43,67,43,67,28,9,28,9,26,67,67,41,67,43,67,28,9,67,28,9,67,67,67,66,67,67,67,43,67,67,67,66,67,67,8,67,67,67,66,67,67,37,67,43,67,67,43,67,28,9,3,67,43,67,43,67,43,67,28,9,8,67,67,40,60,33,43,67,43,67,43,67,67,67,8,40,60,33,43,67,43,67,67,40,86,40,60,28,9,33,43,67,43,67,43,67,43,67,43,67,43,67,43,67,28,9,28,9,28,9,33,67,43,67,67,28,9,33,67,67,66,67,43,67,67,43,28,9,9,67,67,66,67,43,67,67,43,28,9,40,60,28,9,53,67,67,66,67,43,67,67,43,28,9,40,60,28,9,53,67,67,66,67,43,67,67,43,28,9,40,60,28,9,53,67,67,67,67,67,43,67,67,40,86,28,9,40,60,28,9,53,67,67,67,67,67,43,67,43,67,43,67,67,40,86,28,9,28,9,28,9,53,67,43,67,67,43,9,9,53,67,43,67,67,40,60,33,8,53,67,43,67,67,33,67,43,67,67,33,67,43,67,67,33,67,43,67,67,33,67,67,67,67,66,67,43,67,43,67,67,44,86,43,28,9,53,67,67,67,67,66,67,43,67,43,67,67,43,43,28,9,53,67,43,67,43,67,67,28,9,53,67,67,67,43,67,43,67,43,67,67,43,28,9,53,67,67,67,43,67,43,67,43,67,67,43,28,9,53,67,67,43,67,43,67,67,43,67,43,28,9,9,67,67,43,67,43,67,67,43,67,43,33,28,9,40,60,28,9,53,67,67,67,67,67,43,67,43,67,67,43,67,33,28,9,40,60,28,9,53,67,67,67,67,67,43,67,43,67,43,67,43,67,67,43,67,33,28,9,28,9,28,9,28,9,53,67,43,67,43,67,67,43,67,33,43,9,9,53,67,43,67,43,67,67,43,67,33,33,33,8,38,53,67,43,67,43,67,67,43,67,33,67,43,67,43,67,67,43,67,33,67,43,67,43,67,67,43,67,33,67,43,67,43,67,67,43,67,33,67,43,67,43,67,67,67,43,67,8,40,60,28,9,53,67,43,67,67,43,67,28,9,33,38,53,67,43,67,67,59,28,38,9,53,67,43,67,67,43,40,60,28,9,53,67,67,43,67,43,67,67,43,67,67,43,67,43,8,40,60,40,60,40,60,28,9,28,9,33,53,67,67,43,67,43,67,67,43,67,67,43,67,43,8,40,60,40,60,28,9,28,9,33,53,67,43,67,43,67,67,28,9,53,67,43,67,43,67,67,43,43,40,60,28,9,53,67,67,67,43,67,67,43,28,9,40,60,28,9,28,9,59,28,38,9,10,67,67,67,43,67,67,43,28,9,40,60,28,9,28,9,40,60,59,28,38,38,9,10,67,43,67,67,43,67,33,67,67,67,67,67,43,67,43,67,67,67,43,67,8,15,67,67,67,67,67,67,67,43,67,67,28,9,26,67,67,67,67,67,67,67,43,67,67,28,9,26,67,67,67,67,67,67,67,67,67,67,43,67,43,67,67,28,9,28,9,28,9,9,67,43,67,67,6,60,59,28,38,9,10,67,43,67,67,43,37,67,43,67,67,33,67,43,67,43,67,67,8,28,9,6,60,59,28,38,9,39,67,67,67,43,67,67,43,33,67,67,67,67,43,67,43,67,67,43,8,28,9,40,60,28,9,26,39,67,43,67,67,33,67,43,67,43,67,67,8,28,9,6,60,59,28,38,9,39,67,67,67,43,67,67,43,33,67,67,67,67,43,67,43,67,67,43,8,28,9,40,60,28,9,26,39,67,67,40,60,40,60,59,28,38,9,53,67,67,67,67,67,67,15,67,43,67,43,67,67,67,43,67,28,9,28,9,28,9,43,67,43,67,43,67,28,9,43,70,43,35,22,43,4,43,34,22,22,22,28,28,22,43,43,43,35,54,43,43,28,9,9,43,41,61,22,22,41,33,61,22,22,69,67,43,35,69,28,28,28,54,43,43,28,28,54,3,43,43,86,4,43,43,43,35,43,35,43,43,33,43,86,4,43,43,43,43,43,35,28,43,33,28,28,22,43,43,43,35,43,35,43,43,35,54,28,28,54,43,43,54,43,43,43,43,43,43,28,43,34,42,43,43,69,43,34,42,42,69,43,34,42,43,33,43,35,61,22,22,22,69,43,34,42,43,33,43,35,61,22,22,22,69,43,34,42,43,33,43,35,61,22,22,22,43,34,42,43,41,43,35,61,22,22,22,43,34,42,43,35,54,43,35,61,22,22,22,22,22,22,22,22,22,22,22,22,22,22,43,33,43,28,3,43,43,33,43,33,43,33,43,33,69,43,28,28,22,22,25,69,28,28,22,61,22,62,43,35,22,25,43,35,22,61,61,26,22,43,35,22,61,61,26,22,43,34,42,42,43,43,43,34,22,43,37,43,35,61,22,22,22,22,43,43,43,34,42,43,41,43,35,22,22,22,22,43,43,43,34,42,28,28,54,28,28,54,43,35,22,22,22,22,43,43,22,22,22,22,22,22,22,22,22,22,22,22,22,22,22,43,43,43,28,43,43,43,43,43,28,28,3,43,43,43,43,33,43,43,33,43,43,33,43,43,33,43,33,43,28,43,35,22,22,28,28,54,43,43,43,28,43,43,28,43,40,60,43,43,43,26,43,37,43,35,61,62,43,33,43,33,43,8,43,28,43,43,22,43,43,22,22,43,43,35,43,43,43,43,33,43,33,43,8,43,43,22,43,43,22,43,43,35,43,43,43,43,43,25,43,37,43,35,22,61,62,43,34,42,43,33,43,35,42,43,43,42,40,60,43,43,43,26,43,34,42,43,33,43,35,42,43,43,42,43,28,40,60,43,43,43,43,26,43,43,43,43,33,44,43,43,28,43,35,42,28,9,9,43,35,42,28,9,9,43,35,22,28,28,42,43,28,42,42,40,86,43,43,40,60,43,41,43,26,28,43,43,35,43,37,43,43,42,40,86,43,43,40,60,43,41,43,26,35,43,43,35,43,37,43,43,42,43,37,28,28,26,61,31,28,9,35,43,43,35,43,37,43,35,42,40,86,43,43,40,60,43,35,43,26,35,43,43,43,43,37,43,35,42,43,37,28,28,26,61,31,28,9,35,43,28,43,40,60,43,43,43,22,22,22,44,43,35,43,43,35,54,43,43,22,43,43,54,28,28,54,44,8,6,43,8,8,33,43,34,33,35,8,15,43,43,22,22,61,61,22,25,6,60,8,33,43,6,60,8,33,43,43,43,35,43,35,43,33,15,43,35,43,33,15,43,43,6,43,43,43,43,6,43,43,43,43,43,34,41,43,8,15,43,35,43,33,15,15,43,43,53,43,33,33,43,33,43,43,40,60,33,33,8,43,33,43,43,40,60,33,33,8,43,33,43,43,40,60,33,33,8,53,40,60,33,33,8,53,15,40,60,33,33,8,33,8,8,8,8,33,8,8,8,8,8,43,43,35,43,38,43,43,43,43,43,43,43,43,43,43,43,43,43,70,43,34,41,35,8,33,59,28,38,9,43,70,43,34,33,35,8,44,60,33,33,9,33,59,28,38,9,33,44,60,40,60,28,9,9,8,33,44,60,40,60,28,9,9,8,33,33,8,17,40,60,33,33,8,33,53,33,33,33,8,53,43,35,43,41,15,43,35,28,41,15,33,33,33,8,33,33,8,8,8,8,8,33,33,8,8,8,8,8,8,43,35,43,35,43,43,43,43,43,43,43,43,43,43,43,43,43,43,43,43,43,43,43,43,43,33,8,43,35,43,43,15,43,35,43,43,35,43,35,28,9,17,40,60,28,9,43,43,43,43,43,43,43,28,43,33,33,8,43,43,43,43,43,43,43,33,33,59,28,38,9,17,8,40,60,28,9,10,43,43,10,10,43,35,28,9,10,43,43,10,10,43,43,43,35,28,9,43,43,43,43,43,43,46,43,43,42,42,46,43,43,42,42,8,43,35,43,43,46,43,43,15,15,43,35,28,9,33,35,17,39,43,43,28,9,17,39,17,43,35,43,43,28,9,6,60,43,25,43,35,42,17,39,43,43,28,9,17,39,17,43,35,43,43,28,9,6,60,43,25,43,35,42,43,35,43,35,8,8,8,43,15,8,15,43,35,43,43,15,43,43,35,40,86,43,4,43,4,43,43,43,43,43,34,44,43,8,33,40,60,40,60,8,59,28,38,9,40,86,43,43,43,4,43,43,43,35,43,35,43,40,86,43,43,43,4,43,43,43,35,43,35,43,43,44,43,43,44,43,40,86,40,86,43,4,44,43,43,44,43,44,46,43,43,33,43,43,33,43,28,43,43,35,43,43,43,43,43,43,43,33,43,28,43,43,35,43,43,43,43,43,43,43,33,43,28,43,43,41,35,43,43,43,43,43,43,33,43,28,43,43,43,35,43,43,43,43,43,44,46,43,33,43,28,43,43,43,43,43,43,43,43,43,43,28,3,14,3,14,3,14,3,14,43,28,3,14,3,14,3,14,3,14,3,14,43,44,43,37,43,3,40,60,43,41,43,22,22,44,43,43,43,37,43,43,33,43,33,43,43,22,22,43,28,40,60,43,43,43,22,43,28,43,43,37,43,33,43,43,22,61,25,22,43,43,43,28,43,43,37,43,33,43,43,22,61,22,25,43,43,43,43,43,43,43,33,43,43,28,35,33,43,28,43,43,43,43,43,43,43,28,28,43,43,43,43,35,43,43,43,43,28,43,43,43,43,43,28,28,43,43,43,35,43,43,43,43,43,44,28,43,43,44,28,43,28,43,43,43,43,43,28,28,43,43,43,43,43,43,43,43,43,43,28,43,43,43,43,43,28,28,3,14,3,14,3,14,3,14,43,35,43,28,43,43,43,43,43,28,28,3,14,3,14,3,14,3,14,3,14,43,35,43,43,43,43,43,43,28,43,43,44,43,3,43,61,62,22,22,28,35,33,43,33,43,35,22,22,43,43,43,43,43,43,43,43,43,28,28,43,43,43,28,43,43,43,43,43,28,28,40,60,43,43,43,26,28,35,33,43,37,43,33,43,35,22,22,3,33,42,3,33,42,15,15,15,15,43,35,44,43,43,28,44,43,43,43,3,43,42,43,43,35,28,35,43,35,3,43,42,28,35,43,35,28,35,33,43,35,42,40,86,43,43,59,28,38,9,35,28,28,43,35,3,43,42,28,28,43,35,28,35,33,43,35,42,40,86,43,43,59,28,38,9,43,43,3,3,3,3,43,44,43,43,43,44,46,44,43,6,35,6,28,43,43,43,43,43,43,43,43,43,43,43,40,60,43,43,43,22,6,43,6,33,43,43,6,43,43,43,43,43,43,43,43,43,43,43,43,43,43,43,43,43,43,43,43,43,43,43,35,43,38,43,38,43,38,43,38,43,35,43,38,43,38,43,38,43,38,43,38,43,17,43,35,43,35,33,33,43,17,43,43,43,43,33,33,43,43,43,35,8,43,43,17,43,43,33,40,60,59,28,38,9,33,43,43,17,43,43,33,40,60,33,59,28,38,9,43,43,43,34,43,43,43,43,43,43,43,43,43,43,43,43,43,43,43,46,43,43,46,43,43,43,43,43,43,43,43,35,43,35,43,43,43,38,43,38,43,38,43,43,43,35,43,35,43,43,43,38,43,38,43,38,43,38,43,43,43,43,43,43,43,40,60,28,9,33,8,43,34,43,43,43,43,35,33,8,43,43,43,43,28,43,43,43,43,43,43,35,28,9,43,34,43,43,17,43,43,35,33,8,43,43,43,43,43,10,43,43,43,43,43,10,44,43,35,43,44,43,35,43,44,43,35,43,44,43,28,43,43,43,43,43,43,43,10,43,35,43,43,43,43,35,43,34,43,43,33,40,60,43,28,43,25,42,43,43,43,35,43,43,43,43,43,43,35,43,34,43,43,33,40,60,43,35,43,25,42,43,43,43,43,43,28,43,28,43,43,43,40,86,40,86,33,35,43,43,8,40,86,40,86,43,40,86,43,43,43,43,43,43,43,43,43,28,46,43,43,43,43,3,28,46,43,43,43,43,33,3,43,28,33,33,43,43,28,43,43,43,43,28,40,60,43,43,43,22,43,43,35,43,43,28,28,33,33,43,43,28,43,43,43,43,28,43,43,35,43,43,43,40,60,43,43,43,22,43,43,43,43,43,43,43,43,43,39,43,26,43,43,43,43,43,43,28,43,37,43,43,28,43,33,43,43,3,43,22,28,46,43,43,43,28,43,43,33,43,43,43,43,43,43,43,33,43,43,43,41,43,59,28,38,9,43,43,33,43,43,28,59,28,38,9,43,43,43,43,43,43,43,3,14,43,34,43,43,43,34,43,43,43,38,43,34,43,43,43,43,43,43,43,43,35,8,43,43,43,34,43,43,43,43,43,43,43,43,35,8,43,28,9,43,43,28,43,43,43,43,43,43,43,8,43,34,43,43,43,43,43,43,43,35,40,60,43,43,43,26,43,43,35,43,43,40,60,43,43,43,26,43,43,43,3,43,3,43,3,43,11,43,43,3,43,43,35,28,9,43,35,28,9,43,28,43,28,43,43,43,43,33,3,19,33,3,19,43,43,43,43,43,43,43,43,43,28,43,43,43,43,43,28,43,43,43,43,43,206,211,197,211,211,200,236,237,237,213,200,236,237,254,254,254,210,230,213,205,200,236,237,254,176,210,256,230,213,200,236,237,210,230,213,200,236,237,214,213,230,213,200,236,237,200,236,237,200,236,237,237,200,236,237,200,236,237,200,236,237,200,236,237,237,200,236,237,200,236,237,200,236,237,200,236,237,200,236,237,200,236,237,200,236,237,200,236,237,200,236,237,200,236,237,200,236,237,200,200,236,237,200,236,237,237,236,239,213,237,200,236,237,200,236,237,200,236,237,200,236,237,237,200,200,236,237,200,236,237,200,236,237,200,236,237,200,236,237,200,236,237,200,236,237,237,200,236,237,200,236,237,200,236,237,237,200,236,237,237,200,236,237,237,200,236,237,200,236,237,237,200,236,237,200,236,237,200,236,237,200,236,237,200,236,237,200,236,237,200,236,237,237,200,236,237,200,236,237,200,236,237,200,236,237,200,236,237,200,236,237,200,236,200,236,237,237,200,236,237,200,236,237,200,236,237,200,236,237,200,236,237,200,200,236,237,200,236,237,237,200,236,237,200,200,236,237,200,236,237,200,236,237,200,236,237,237,200,236,237,200,236,237,237,237,237,188,205,213,217,196,198,205,179,192,178,213,196,198,204,179,192,178,174,212,196,198,198,198,203,213,179,192,178,212,196,198,179,224,185,214,213,212,211,213,196,198,179,231,230,213,192,178,174,196,198,203,179,192,178,174,192,178,212,207,198,213,196,198,198,198,179,224,185,213,231,230,213,174,192,203,213,213,212,213,213,192,178,203,213,192,203,198,213,231,230,213,196,198,198,198,211,179,192,178,174,213,196,198,179,224,185,213,196,198,179,212,223,214,213,213,196,198,179,212,203,179,196,214,213,196,198,210,213,196,179,192,203,213,198,205,192,178,173,208,184,192,203,198,205,192,178,212,203,213,203,213,210,210,176,213,213,196,198,198,198,211,179,192,178,207,187,198,216,192,203,173,214,213,213,196,198,198,198,203,179,231,214,213,230,213,203,213,213,196,198,179,192,203,198,195,229,230,213,198,208,179,196,198,179,231,230,207,187,203,213,203,213,196,179,196,179,212,203,213,179,192,203,213,196,179,192,178,213,196,179,192,203,198,192,203,198,198,212,203,231,230,196,198,179,196,198,198,195,198,179,196,198,173,179,231,230,213,231,230,207,187,196,179,231,230,203,213,231,230,213,231,230,213,178,213,231,230,203,213,213,196,198,179,195,179,196,198,179,213,213,231,230,213,207,187,198,203,196,198,179,192,178,207,187,198,196,179,212,180,212,203,213,212,185,196,198,179,212,196,198,179,196,196,196,179,192,178,231,230,213,195,198,211,179,196,198,173,179,212,207,198,212,203,192,178,207,187,196,198,179,212,209,212,212,203,213,192,178,207,187,198,196,212,203,231,230,213,198,205,231,230,213,195,198,179,196,198,198,239,213,240,237,178,174,237,237,237,178,237,237,213,237,198,179,196,198,179,237,237,237,237,237,173,237,237,178,237,237,237,237,237,237,237,203,237,237,237,237,213,237,237,198,198,198,179,224,185,198,179,224,185,216,203,237,237,203,237,230,213,198,179,192,203,198,237,237,179,237,230,211,179,237,179,224,185,216,179,192,203,198,237,237,237,237,237,237,237,237,237,237,237,230,179,231,230,213,198,192,203,237,230,179,192,203,198,192,203,198,237,237,198,198,198,179,224,185,198,216,198,198,198,179,224,185,198,216,179,192,203,198,237,178,237,203,198,208,237,237,237,230,198,198,198,179,198,179,192,203,198,198,192,178,203,213,237,179,192,203,179,203,237,237,237,237,230,198,212,180,198,198,179,196,198,203,213,237,230,213,198,208,179,196,198,173,237,237,237,198,198,179,212,185,179,237,237,237,237,237,237,229,230,179,196,179,212,237,237,198,198,179,196,198,179,212,203,203,237,237,198,208,237,179,196,179,212,203,237,185,198,179,192,178,237,192,178,174,198,192,203,239,237,192,203,198,205,192,178,184,192,178,184,239,240,192,203,198,192,178,173,208,198,179,212,179,212,192,203,231,230,213,231,230,213,203,203,203,178,203,211,203,203,178,178,184,178,184,178,184,178,184,178,184,229,230,198,179,192,203,192,203,173,203,203,213,203,213,179,198,179,192,203,198,179,179,203,203,198,203,203,178,203,203,198,178,178,178,178,178,178,178,178,178,203,178,198,179,192,203,213,192,178,203,230,203,179,192,203,198,192,178,203,212,185,212,185,198,185,213,195,198,198,179,195,229,230,213,198,208,179,195,229,230,198,178,178,173,198,178,178,229,230,198,179,192,178,184,178,230,213,198,198,179,192,178,173,198,203,198,203,179,192,178,173,198,198,209,179,196,198,179,181,203,178,207,198,178,198,203,173,198,179,189
264,264,264,277,281,316,26,26,297,277,281,316,297,277,281,297,283,9,28,9,42,43,43,42,43,39,35,128,120,113,128,128,113,113,120,127,94,111,111,94,128,120,113,111,94,125,128,128,145,146,128,120,113,111,94,212,203,213,203,213,213,205,213,196,198,213,179,212,198,213,179,212,209,205
316,316,317,316,317,316,317,316,317,316,317
